ID,Kingdom,Phylum,Class,Order,Family,Genus,Species,mean,Label
ASV_20,Bacteria,Proteobacteria,Alphaproteobacteria,Sphingomonadales,Sphingomonadaceae,Sphingomonas,Sphingomonas_jaspsi,387.666666666667,ASV_20
ASV_376,Bacteria,Proteobacteria,Gammaproteobacteria,Pseudomonadales,Pseudomonadaceae,Pseudomonas,Pseudomonas_panipatensis,94.6666666666667,ASV_376
ASV_253,Bacteria,Proteobacteria,Gammaproteobacteria,Pseudomonadales,Pseudomonadaceae,Pseudomonas,Pseudomonas_granadensis,240.166666666667,ASV_253
ASV_486,Bacteria,Proteobacteria,Betaproteobacteria,Nitrosomonadales,Nitrosomonadaceae,Nitrosospira,Unassigned,83.5,ASV_486
ASV_918,Bacteria,Acidobacteria,Acidobacteria_Gp2,Unassigned,Unassigned,Gp2,Unassigned,66.5,ASV_918
ASV_129,Bacteria,Verrucomicrobia,Spartobacteria,Unassigned,Unassigned,Spartobacteria_genera_incertae_sedis,Unassigned,265.333333333333,ASV_129
ASV_513,Unassigned,Unassigned,Unassigned,Unassigned,Unassigned,Unassigned,Unassigned,121.166666666667,ASV_513
ASV_1228,Bacteria,Proteobacteria,Alphaproteobacteria,Sphingomonadales,Sphingomonadaceae,Novosphingobium,Unassigned,140.5,ASV_1228
ASV_608,Bacteria,Bacteroidetes,Sphingobacteriia,Sphingobacteriales,Saprospiraceae,Unassigned,Unassigned,191.166666666667,ASV_608
ASV_11,Bacteria,Proteobacteria,Alphaproteobacteria,Rhodospirillales,Rhodospirillaceae,Unassigned,Unassigned,1199.33333333333,ASV_11
ASV_3819,Bacteria,Acidobacteria,Acidobacteria_Gp3,Unassigned,Unassigned,Gp3,Unassigned,71.6666666666667,ASV_3819
ASV_230,Bacteria,Proteobacteria,Betaproteobacteria,Burkholderiales,Burkholderiaceae,Burkholderia,Unassigned,98.3333333333333,ASV_230
ASV_72,Bacteria,Proteobacteria,Gammaproteobacteria,Xanthomonadales,Xanthomonadaceae,Unassigned,Unassigned,286.333333333333,ASV_72
ASV_131,Bacteria,Proteobacteria,Gammaproteobacteria,Pseudomonadales,Pseudomonadaceae,Pseudomonas,Pseudomonas_corrugata,198.833333333333,ASV_131
ASV_445,Bacteria,Proteobacteria,Alphaproteobacteria,Sphingomonadales,Erythrobacteraceae,Altererythrobacter,Unassigned,117.833333333333,ASV_445
ASV_2709,Bacteria,Unassigned,Unassigned,Unassigned,Unassigned,Unassigned,Unassigned,77,ASV_2709
ASV_23,Bacteria,Proteobacteria,Gammaproteobacteria,Xanthomonadales,Xanthomonadaceae,Unassigned,Unassigned,364.833333333333,ASV_23
ASV_247,Bacteria,Acidobacteria,Acidobacteria_Gp3,Unassigned,Unassigned,Gp3,Unassigned,204,ASV_247
ASV_350,Bacteria,Acidobacteria,Acidobacteria_Gp1,Unassigned,Unassigned,Gp1,Unassigned,125.666666666667,ASV_350
ASV_55,Bacteria,Proteobacteria,Alphaproteobacteria,Caulobacterales,Caulobacteraceae,Phenylobacterium,Phenylobacterium_muchangponense,409.833333333333,ASV_55
ASV_226,Bacteria,Actinobacteria,Actinobacteria,Actinomycetales,Micrococcaceae,Arthrobacter,Arthrobacter_ramosus,111.333333333333,ASV_226
ASV_279,Bacteria,Proteobacteria,Gammaproteobacteria,Xanthomonadales,Sinobacteraceae,Povalibacter,Povalibacter_uvarum,146,ASV_279
ASV_35,Bacteria,Proteobacteria,Betaproteobacteria,Burkholderiales,Burkholderiaceae,Burkholderia,Burkholderia_caribensis,666,ASV_35
ASV_276,Bacteria,Proteobacteria,Betaproteobacteria,Burkholderiales,Burkholderiaceae,Burkholderia,Unassigned,276.166666666667,ASV_276
ASV_34,Bacteria,Proteobacteria,Gammaproteobacteria,Xanthomonadales,Xanthomonadaceae,Unassigned,Unassigned,180.666666666667,ASV_34
ASV_69,Bacteria,Proteobacteria,Alphaproteobacteria,Rhizobiales,Hyphomicrobiaceae,Devosia,Devosia_insulae,287.5,ASV_69
ASV_170,Bacteria,Acidobacteria,Acidobacteria_Gp6,Unassigned,Unassigned,Gp6,Unassigned,107.666666666667,ASV_170
ASV_2254,Bacteria,Proteobacteria,Alphaproteobacteria,Unassigned,Unassigned,Unassigned,Unassigned,147.833333333333,ASV_2254
ASV_60,Bacteria,Proteobacteria,Alphaproteobacteria,Sphingomonadales,Sphingomonadaceae,Novosphingobium,Novosphingobium_resinovorum,345.666666666667,ASV_60
ASV_387,Bacteria,Bacteroidetes,Sphingobacteriia,Sphingobacteriales,Unassigned,Unassigned,Unassigned,385.5,ASV_387
ASV_182,Bacteria,Proteobacteria,Betaproteobacteria,Unassigned,Unassigned,Unassigned,Unassigned,98.6666666666667,ASV_182
ASV_51,Bacteria,Proteobacteria,Alphaproteobacteria,Sphingomonadales,Sphingomonadaceae,Novosphingobium,Novosphingobium_arabidopsis,211.833333333333,ASV_51
ASV_521,Bacteria,Proteobacteria,Alphaproteobacteria,Rhodospirillales,Rhodospirillaceae,Desertibacter,Desertibacter_roseus,68.5,ASV_521
ASV_258,Bacteria,Proteobacteria,Deltaproteobacteria,Myxococcales,Haliangiaceae,Haliangium,Unassigned,117.666666666667,ASV_258
ASV_1342,Bacteria,Proteobacteria,Betaproteobacteria,Unassigned,Unassigned,Unassigned,Unassigned,74.3333333333333,ASV_1342
ASV_511,Bacteria,Unassigned,Unassigned,Unassigned,Unassigned,Unassigned,Unassigned,69.3333333333333,ASV_511
ASV_572,Bacteria,Actinobacteria,Actinobacteria,Gaiellales,Gaiellaceae,Gaiella,Gaiella_occulta,75.6666666666667,ASV_572
ASV_219,Bacteria,Gemmatimonadetes,Gemmatimonadetes,Gemmatimonadales,Gemmatimonadaceae,Gemmatimonas,Gemmatimonas_aurantiaca,251,ASV_219
ASV_46,Bacteria,Proteobacteria,Betaproteobacteria,Burkholderiales,Burkholderiaceae,Burkholderia,Unassigned,395.5,ASV_46
ASV_3106,Bacteria,Armatimonadetes,Unassigned,Unassigned,Unassigned,Armatimonadetes_gp5,Unassigned,70.5,ASV_3106
ASV_169,Bacteria,Bacteroidetes,Sphingobacteriia,Sphingobacteriales,Chitinophagaceae,Unassigned,Unassigned,196.666666666667,ASV_169
ASV_1519,Bacteria,Unassigned,Unassigned,Unassigned,Unassigned,Unassigned,Unassigned,75,ASV_1519
ASV_734,Bacteria,Proteobacteria,Gammaproteobacteria,Xanthomonadales,Unassigned,Unassigned,Unassigned,66.6666666666667,ASV_734
ASV_71,Bacteria,Proteobacteria,Alphaproteobacteria,Rhizobiales,Rhizobiaceae,Rhizobium,Rhizobium_laguerreae,289.666666666667,ASV_71
ASV_332,Bacteria,Proteobacteria,Alphaproteobacteria,Unassigned,Unassigned,Unassigned,Unassigned,136,ASV_332
ASV_617,Bacteria,Unassigned,Unassigned,Unassigned,Unassigned,Unassigned,Unassigned,95.8333333333333,ASV_617
ASV_403,Bacteria,Acidobacteria,Acidobacteria_Gp16,Unassigned,Unassigned,Gp16,Unassigned,68.5,ASV_403
ASV_149,Bacteria,Unassigned,Unassigned,Unassigned,Unassigned,Unassigned,Unassigned,178.833333333333,ASV_149
ASV_683,Bacteria,Acidobacteria,Acidobacteria_Gp6,Unassigned,Unassigned,Gp6,Unassigned,88.5,ASV_683
ASV_334,Bacteria,Proteobacteria,Alphaproteobacteria,Rhizobiales,Hyphomicrobiaceae,Rhodoplanes,Unassigned,202.5,ASV_334
ASV_896,Bacteria,Acidobacteria,Acidobacteria_Gp6,Unassigned,Unassigned,Gp6,Unassigned,69,ASV_896
ASV_347,Bacteria,Proteobacteria,Alphaproteobacteria,Rhizobiales,Xanthobacteraceae,Pseudolabrys,Pseudolabrys_taiwanensis,79.1666666666667,ASV_347
ASV_609,Bacteria,Latescibacteria,Unassigned,Unassigned,Unassigned,Latescibacteria_genera_incertae_sedis,Unassigned,74,ASV_609
ASV_66,Bacteria,Firmicutes,Bacilli,Bacillales,Bacillaceae_1,Bacillus,Bacillus_funiculus,372,ASV_66
ASV_304,Bacteria,Proteobacteria,Alphaproteobacteria,Rhizobiales,Unassigned,Unassigned,Unassigned,186,ASV_304
ASV_76,Bacteria,Proteobacteria,Alphaproteobacteria,Rhodospirillales,Unassigned,Unassigned,Unassigned,125.333333333333,ASV_76
ASV_965,Bacteria,Acidobacteria,Acidobacteria_Gp6,Unassigned,Unassigned,Gp6,Unassigned,73.5,ASV_965
ASV_33,Bacteria,Proteobacteria,Alphaproteobacteria,Rhizobiales,Unassigned,Unassigned,Unassigned,679,ASV_33
ASV_735,Bacteria,Proteobacteria,Alphaproteobacteria,Unassigned,Unassigned,Unassigned,Unassigned,82.6666666666667,ASV_735
ASV_118,Bacteria,Cyanobacteria,Chloroplast,Unassigned,Chloroplast,Streptophyta,Unassigned,114.166666666667,ASV_118
ASV_41,Bacteria,Proteobacteria,Betaproteobacteria,Unassigned,Unassigned,Unassigned,Unassigned,573,ASV_41
ASV_558,Bacteria,Acidobacteria,Acidobacteria_Gp3,Unassigned,Unassigned,Gp3,Unassigned,79.3333333333333,ASV_558
ASV_245,Bacteria,Proteobacteria,Alphaproteobacteria,Rhizobiales,Bradyrhizobiaceae,Bradyrhizobium,Unassigned,92.3333333333333,ASV_245
ASV_274,Bacteria,Acidobacteria,Acidobacteria_Gp2,Unassigned,Unassigned,Gp2,Unassigned,83.1666666666667,ASV_274
ASV_702,Bacteria,Bacteroidetes,Sphingobacteriia,Sphingobacteriales,Chitinophagaceae,Niastella,Niastella_populi,81,ASV_702
ASV_148,Bacteria,Proteobacteria,Betaproteobacteria,Burkholderiales,Burkholderiaceae,Burkholderia,Burkholderia_ubonensis,107,ASV_148
ASV_4768,Bacteria,Proteobacteria,Deltaproteobacteria,Desulfuromonadales,Geobacteraceae,Geobacter,Geobacter_chapellei,75,ASV_4768
ASV_622,Unassigned,Unassigned,Unassigned,Unassigned,Unassigned,Unassigned,Unassigned,81.3333333333333,ASV_622
ASV_180,Bacteria,Proteobacteria,Alphaproteobacteria,Sphingomonadales,Sphingomonadaceae,Novosphingobium,Unassigned,149,ASV_180
ASV_580,Bacteria,Latescibacteria,Unassigned,Unassigned,Unassigned,Latescibacteria_genera_incertae_sedis,Unassigned,99.5,ASV_580
ASV_459,Bacteria,Acidobacteria,Acidobacteria_Gp4,Unassigned,Unassigned,Gp4,Unassigned,134.833333333333,ASV_459
ASV_775,Bacteria,candidate_division_WPS-1,Unassigned,Unassigned,Unassigned,WPS-1_genera_incertae_sedis,Unassigned,170.666666666667,ASV_775
ASV_1125,Bacteria,Bacteroidetes,Cytophagia,Cytophagales,Unassigned,Chryseolinea,Chryseolinea_serpens,77.1666666666667,ASV_1125
ASV_92,Bacteria,Acidobacteria,Acidobacteria_Gp6,Unassigned,Unassigned,Gp6,Unassigned,361.833333333333,ASV_92
ASV_546,Bacteria,Acidobacteria,Acidobacteria_Gp6,Unassigned,Unassigned,Gp6,Unassigned,108.666666666667,ASV_546
ASV_404,Bacteria,Proteobacteria,Alphaproteobacteria,Rhizobiales,Xanthobacteraceae,Pseudolabrys,Pseudolabrys_taiwanensis,153,ASV_404
ASV_964,Bacteria,Proteobacteria,Gammaproteobacteria,Gammaproteobacteria_incertae_sedis,Unassigned,Unassigned,Unassigned,116.333333333333,ASV_964
ASV_707,Bacteria,Acidobacteria,Acidobacteria_Gp3,Unassigned,Unassigned,Unassigned,Unassigned,179.333333333333,ASV_707
ASV_15,Bacteria,Acidobacteria,Acidobacteria_Gp1,Unassigned,Unassigned,Gp1,Unassigned,487.666666666667,ASV_15
ASV_792,Bacteria,Bacteroidetes,Sphingobacteriia,Sphingobacteriales,Chitinophagaceae,Flavisolibacter,Unassigned,76.3333333333333,ASV_792
ASV_599,Bacteria,Proteobacteria,Alphaproteobacteria,Rhodospirillales,Rhodospirillaceae,Skermanella,Skermanella_xinjiangensis,130.166666666667,ASV_599
