"ID","filed","Kingdom","Phylum","Class","Order","Family","Genus","Species","group","Label"
"bac_ASV_1","bac","Bacteria","Actinobacteria","Actinobacteria","Actinomycetales","Thermomonosporaceae","Unassigned","Unassigned","bac","bac_ASV_1"
"bac_ASV_10","bac","Bacteria","Proteobacteria","Alphaproteobacteria","Rhizobiales","Rhizobiaceae","Rhizobium","Unassigned","bac","bac_ASV_10"
"bac_ASV_100","bac","Bacteria","Proteobacteria","Betaproteobacteria","Burkholderiales","Comamonadaceae","Hydrogenophaga","Hydrogenophaga_intermedia","bac","bac_ASV_100"
"bac_ASV_101","bac","Bacteria","Proteobacteria","Unassigned","Unassigned","Unassigned","Unassigned","Unassigned","bac","bac_ASV_101"
"bac_ASV_102","bac","Bacteria","Proteobacteria","Gammaproteobacteria","Unassigned","Unassigned","Unassigned","Unassigned","bac","bac_ASV_102"
"bac_ASV_103","bac","Bacteria","Proteobacteria","Alphaproteobacteria","Rhizobiales","Phyllobacteriaceae","Phyllobacterium","Phyllobacterium_bourgognense","bac","bac_ASV_103"
"bac_ASV_104","bac","Bacteria","Proteobacteria","Betaproteobacteria","Burkholderiales","Comamonadaceae","Polaromonas","Unassigned","bac","bac_ASV_104"
"bac_ASV_105","bac","Bacteria","Proteobacteria","Alphaproteobacteria","Rhizobiales","Hyphomicrobiaceae","Devosia","Unassigned","bac","bac_ASV_105"
"bac_ASV_106","bac","Bacteria","Actinobacteria","Actinobacteria","Actinomycetales","Streptomycetaceae","Streptomyces","Unassigned","bac","bac_ASV_106"
"bac_ASV_107","bac","Bacteria","Proteobacteria","Betaproteobacteria","Burkholderiales","Unassigned","Unassigned","Unassigned","bac","bac_ASV_107"
"bac_ASV_108","bac","Bacteria","Proteobacteria","Alphaproteobacteria","Rhizobiales","Rhizobiaceae","Ensifer","Unassigned","bac","bac_ASV_108"
"bac_ASV_109","bac","Bacteria","Actinobacteria","Actinobacteria","Actinomycetales","Pseudonocardiaceae","Unassigned","Unassigned","bac","bac_ASV_109"
"bac_ASV_11","bac","Bacteria","Proteobacteria","Betaproteobacteria","Burkholderiales","Oxalobacteraceae","Unassigned","Unassigned","bac","bac_ASV_11"
"bac_ASV_110","bac","Bacteria","Proteobacteria","Unassigned","Unassigned","Unassigned","Unassigned","Unassigned","bac","bac_ASV_110"
"bac_ASV_111","bac","Bacteria","Proteobacteria","Betaproteobacteria","Burkholderiales","Unassigned","Unassigned","Unassigned","bac","bac_ASV_111"
"bac_ASV_112","bac","Bacteria","Bacteroidetes","Sphingobacteriia","Sphingobacteriales","Chitinophagaceae","Niastella","Unassigned","bac","bac_ASV_112"
"bac_ASV_113","bac","Bacteria","Actinobacteria","Actinobacteria","Actinomycetales","Microbacteriaceae","Agromyces","Unassigned","bac","bac_ASV_113"
"bac_ASV_114","bac","Bacteria","Proteobacteria","Deltaproteobacteria","Myxococcales","Sandaracinaceae","Sandaracinus","Sandaracinus_amylolyticus","bac","bac_ASV_114"
"bac_ASV_115","bac","Bacteria","Proteobacteria","Betaproteobacteria","Unassigned","Unassigned","Unassigned","Unassigned","bac","bac_ASV_115"
"bac_ASV_1156","bac","Bacteria","Actinobacteria","Actinobacteria","Actinomycetales","Micromonosporaceae","Dactylosporangium","Unassigned","bac","bac_ASV_1156"
"bac_ASV_116","bac","Bacteria","Actinobacteria","Actinobacteria","Actinomycetales","Pseudonocardiaceae","Kibdelosporangium","Kibdelosporangium_phytohabitans","bac","bac_ASV_116"
"bac_ASV_117","bac","Bacteria","Actinobacteria","Actinobacteria","Actinomycetales","Micromonosporaceae","Micromonospora","Unassigned","bac","bac_ASV_117"
"bac_ASV_118","bac","Bacteria","Proteobacteria","Betaproteobacteria","Burkholderiales","Comamonadaceae","Variovorax","Unassigned","bac","bac_ASV_118"
"bac_ASV_119","bac","Bacteria","Proteobacteria","Gammaproteobacteria","Xanthomonadales","Sinobacteraceae","Steroidobacter","Steroidobacter_denitrificans","bac","bac_ASV_119"
"bac_ASV_12","bac","Bacteria","Bacteroidetes","Flavobacteriia","Flavobacteriales","Flavobacteriaceae","Flavobacterium","Flavobacterium_terrae","bac","bac_ASV_12"
"bac_ASV_120","bac","Bacteria","Actinobacteria","Actinobacteria","Actinomycetales","Nocardioidaceae","Aeromicrobium","Aeromicrobium_ginsengisoli","bac","bac_ASV_120"
"bac_ASV_121","bac","Bacteria","Proteobacteria","Unassigned","Unassigned","Unassigned","Unassigned","Unassigned","bac","bac_ASV_121"
"bac_ASV_122","bac","Bacteria","Actinobacteria","Actinobacteria","Unassigned","Unassigned","Unassigned","Unassigned","bac","bac_ASV_122"
"bac_ASV_123","bac","Bacteria","Proteobacteria","Betaproteobacteria","Burkholderiales","Burkholderiales_incertae_sedis","Aquabacterium","Unassigned","bac","bac_ASV_123"
"bac_ASV_124","bac","Bacteria","Proteobacteria","Unassigned","Unassigned","Unassigned","Unassigned","Unassigned","bac","bac_ASV_124"
"bac_ASV_125","bac","Bacteria","Actinobacteria","Actinobacteria","Actinomycetales","Streptosporangiaceae","Unassigned","Unassigned","bac","bac_ASV_125"
"bac_ASV_126","bac","Bacteria","Actinobacteria","Actinobacteria","Actinomycetales","Nocardioidaceae","Nocardioides","Unassigned","bac","bac_ASV_126"
"bac_ASV_127","bac","Bacteria","Proteobacteria","Betaproteobacteria","Burkholderiales","Unassigned","Unassigned","Unassigned","bac","bac_ASV_127"
"bac_ASV_128","bac","Bacteria","Proteobacteria","Betaproteobacteria","Burkholderiales","Comamonadaceae","Unassigned","Unassigned","bac","bac_ASV_128"
"bac_ASV_129","bac","Bacteria","Proteobacteria","Alphaproteobacteria","Rhizobiales","Rhizobiaceae","Rhizobium","Rhizobium_alvei","bac","bac_ASV_129"
"bac_ASV_13","bac","Bacteria","Proteobacteria","Betaproteobacteria","Burkholderiales","Comamonadaceae","Unassigned","Unassigned","bac","bac_ASV_13"
"bac_ASV_130","bac","Bacteria","Proteobacteria","Unassigned","Unassigned","Unassigned","Unassigned","Unassigned","bac","bac_ASV_130"
"bac_ASV_132","bac","Bacteria","Proteobacteria","Betaproteobacteria","Burkholderiales","Unassigned","Unassigned","Unassigned","bac","bac_ASV_132"
"bac_ASV_133","bac","Bacteria","Proteobacteria","Gammaproteobacteria","Xanthomonadales","Xanthomonadaceae","Unassigned","Unassigned","bac","bac_ASV_133"
"bac_ASV_134","bac","Bacteria","Proteobacteria","Alphaproteobacteria","Rhizobiales","Phyllobacteriaceae","Mesorhizobium","Unassigned","bac","bac_ASV_134"
"bac_ASV_135","bac","Bacteria","Actinobacteria","Actinobacteria","Actinomycetales","Streptosporangiaceae","Unassigned","Unassigned","bac","bac_ASV_135"
"bac_ASV_136","bac","Bacteria","Proteobacteria","Betaproteobacteria","Burkholderiales","Burkholderiales_incertae_sedis","Unassigned","Unassigned","bac","bac_ASV_136"
"bac_ASV_137","bac","Bacteria","Actinobacteria","Actinobacteria","Actinomycetales","Nocardioidaceae","Nocardioides","Unassigned","bac","bac_ASV_137"
"bac_ASV_138","bac","Bacteria","Actinobacteria","Actinobacteria","Actinomycetales","Unassigned","Unassigned","Unassigned","bac","bac_ASV_138"
"bac_ASV_14","bac","Bacteria","Proteobacteria","Betaproteobacteria","Burkholderiales","Unassigned","Unassigned","Unassigned","bac","bac_ASV_14"
"bac_ASV_140","bac","Bacteria","Proteobacteria","Alphaproteobacteria","Sphingomonadales","Erythrobacteraceae","Altererythrobacter","Unassigned","bac","bac_ASV_140"
"bac_ASV_141","bac","Bacteria","Proteobacteria","Betaproteobacteria","Burkholderiales","Oxalobacteraceae","Massilia","Unassigned","bac","bac_ASV_141"
"bac_ASV_142","bac","Bacteria","Proteobacteria","Alphaproteobacteria","Rhizobiales","Unassigned","Unassigned","Unassigned","bac","bac_ASV_142"
"bac_ASV_143","bac","Bacteria","Proteobacteria","Gammaproteobacteria","Pseudomonadales","Pseudomonadaceae","Unassigned","Unassigned","bac","bac_ASV_143"
"bac_ASV_144","bac","Bacteria","Proteobacteria","Betaproteobacteria","Burkholderiales","Oxalobacteraceae","Unassigned","Unassigned","bac","bac_ASV_144"
"bac_ASV_145","bac","Bacteria","Proteobacteria","Betaproteobacteria","Burkholderiales","Comamonadaceae","Roseateles","Unassigned","bac","bac_ASV_145"
"bac_ASV_146","bac","Bacteria","Unassigned","Unassigned","Unassigned","Unassigned","Unassigned","Unassigned","bac","bac_ASV_146"
"bac_ASV_147","bac","Bacteria","Proteobacteria","Alphaproteobacteria","Caulobacterales","Caulobacteraceae","Phenylobacterium","Phenylobacterium_composti","bac","bac_ASV_147"
"bac_ASV_148","bac","Bacteria","Proteobacteria","Alphaproteobacteria","Rhizobiales","Unassigned","Unassigned","Unassigned","bac","bac_ASV_148"
"bac_ASV_149","bac","Bacteria","Actinobacteria","Actinobacteria","Actinomycetales","Pseudonocardiaceae","Amycolatopsis","Unassigned","bac","bac_ASV_149"
"bac_ASV_15","bac","Bacteria","Proteobacteria","Alphaproteobacteria","Rhizobiales","Bradyrhizobiaceae","Bradyrhizobium","Bradyrhizobium_neotropicale","bac","bac_ASV_15"
"bac_ASV_150","bac","Bacteria","Proteobacteria","Betaproteobacteria","Burkholderiales","Unassigned","Unassigned","Unassigned","bac","bac_ASV_150"
"bac_ASV_151","bac","Bacteria","Unassigned","Unassigned","Unassigned","Unassigned","Unassigned","Unassigned","bac","bac_ASV_151"
"bac_ASV_152","bac","Bacteria","Proteobacteria","Betaproteobacteria","Methylophilales","Methylophilaceae","Unassigned","Unassigned","bac","bac_ASV_152"
"bac_ASV_153","bac","Bacteria","Proteobacteria","Gammaproteobacteria","Xanthomonadales","Sinobacteraceae","Unassigned","Unassigned","bac","bac_ASV_153"
"bac_ASV_154","bac","Bacteria","Actinobacteria","Actinobacteria","Actinomycetales","Pseudonocardiaceae","Lentzea","Unassigned","bac","bac_ASV_154"
"bac_ASV_155","bac","Bacteria","Actinobacteria","Actinobacteria","Actinomycetales","Nocardioidaceae","Nocardioides","Unassigned","bac","bac_ASV_155"
"bac_ASV_156","bac","Bacteria","Proteobacteria","Alphaproteobacteria","Rhizobiales","Hyphomicrobiaceae","Hyphomicrobium","Unassigned","bac","bac_ASV_156"
"bac_ASV_157","bac","Bacteria","Proteobacteria","Alphaproteobacteria","Rhizobiales","Bradyrhizobiaceae","Bosea","Bosea_eneae","bac","bac_ASV_157"
"bac_ASV_158","bac","Bacteria","Actinobacteria","Actinobacteria","Actinomycetales","Micromonosporaceae","Unassigned","Unassigned","bac","bac_ASV_158"
"bac_ASV_159","bac","Bacteria","Actinobacteria","Actinobacteria","Actinomycetales","Streptomycetaceae","Streptomyces","Streptomyces_canus","bac","bac_ASV_159"
"bac_ASV_16","bac","Bacteria","Actinobacteria","Actinobacteria","Actinomycetales","Streptomycetaceae","Streptomyces","Streptomyces_ederensis","bac","bac_ASV_16"
"bac_ASV_160","bac","Bacteria","Proteobacteria","Alphaproteobacteria","Caulobacterales","Caulobacteraceae","Caulobacter","Caulobacter_henricii","bac","bac_ASV_160"
"bac_ASV_161","bac","Bacteria","Bacteroidetes","Cytophagia","Cytophagales","Unassigned","Ohtaekwangia","Ohtaekwangia_koreensis","bac","bac_ASV_161"
"bac_ASV_162","bac","Bacteria","Proteobacteria","Alphaproteobacteria","Rhodospirillales","Unassigned","Reyranella","Reyranella_soli","bac","bac_ASV_162"
"bac_ASV_163","bac","Bacteria","Actinobacteria","Actinobacteria","Actinomycetales","Unassigned","Unassigned","Unassigned","bac","bac_ASV_163"
"bac_ASV_164","bac","Bacteria","Proteobacteria","Gammaproteobacteria","Xanthomonadales","Sinobacteraceae","Unassigned","Unassigned","bac","bac_ASV_164"
"bac_ASV_165","bac","Bacteria","Bacteroidetes","Flavobacteriia","Flavobacteriales","Flavobacteriaceae","Flavobacterium","Unassigned","bac","bac_ASV_165"
"bac_ASV_166","bac","Bacteria","Proteobacteria","Betaproteobacteria","Burkholderiales","Unassigned","Unassigned","Unassigned","bac","bac_ASV_166"
"bac_ASV_167","bac","Bacteria","Proteobacteria","Betaproteobacteria","Burkholderiales","Unassigned","Unassigned","Unassigned","bac","bac_ASV_167"
"bac_ASV_168","bac","Bacteria","Bacteroidetes","Cytophagia","Cytophagales","Unassigned","Unassigned","Unassigned","bac","bac_ASV_168"
"bac_ASV_169","bac","Bacteria","Proteobacteria","Betaproteobacteria","Burkholderiales","Oxalobacteraceae","Unassigned","Unassigned","bac","bac_ASV_169"
"bac_ASV_17","bac","Bacteria","Proteobacteria","Betaproteobacteria","Burkholderiales","Comamonadaceae","Unassigned","Unassigned","bac","bac_ASV_17"
"bac_ASV_170","bac","Bacteria","Proteobacteria","Alphaproteobacteria","Caulobacterales","Hyphomonadaceae","Hyphomonas","Unassigned","bac","bac_ASV_170"
"bac_ASV_172","bac","Bacteria","Firmicutes","Bacilli","Bacillales","Bacillaceae_1","Bacillus","Unassigned","bac","bac_ASV_172"
"bac_ASV_173","bac","Bacteria","Firmicutes","Bacilli","Bacillales","Paenibacillaceae_1","Paenibacillus","Paenibacillus_panacisoli","bac","bac_ASV_173"
"bac_ASV_174","bac","Bacteria","Actinobacteria","Actinobacteria","Actinomycetales","Streptomycetaceae","Streptomyces","Unassigned","bac","bac_ASV_174"
"bac_ASV_175","bac","Bacteria","Proteobacteria","Betaproteobacteria","Burkholderiales","Oxalobacteraceae","Unassigned","Unassigned","bac","bac_ASV_175"
"bac_ASV_176","bac","Bacteria","Proteobacteria","Alphaproteobacteria","Sphingomonadales","Sphingomonadaceae","Sphingopyxis","Unassigned","bac","bac_ASV_176"
"bac_ASV_177","bac","Bacteria","Bacteroidetes","Flavobacteriia","Flavobacteriales","Flavobacteriaceae","Flavobacterium","Unassigned","bac","bac_ASV_177"
"bac_ASV_178","bac","Bacteria","Actinobacteria","Actinobacteria","Actinomycetales","Microbacteriaceae","Agromyces","Unassigned","bac","bac_ASV_178"
"bac_ASV_179","bac","Bacteria","Proteobacteria","Alphaproteobacteria","Sphingomonadales","Sphingomonadaceae","Sphingopyxis","Unassigned","bac","bac_ASV_179"
"bac_ASV_18","bac","Bacteria","Actinobacteria","Actinobacteria","Actinomycetales","Pseudonocardiaceae","Lentzea","Lentzea_flaviverrucosa","bac","bac_ASV_18"
"bac_ASV_180","bac","Bacteria","Actinobacteria","Actinobacteria","Actinomycetales","Unassigned","Unassigned","Unassigned","bac","bac_ASV_180"
"bac_ASV_181","bac","Bacteria","Proteobacteria","Gammaproteobacteria","Xanthomonadales","Sinobacteraceae","Steroidobacter","Steroidobacter_denitrificans","bac","bac_ASV_181"
"bac_ASV_182","bac","Bacteria","Proteobacteria","Alphaproteobacteria","Sphingomonadales","Sphingomonadaceae","Sphingomonas","Unassigned","bac","bac_ASV_182"
"bac_ASV_183","bac","Bacteria","Proteobacteria","Unassigned","Unassigned","Unassigned","Unassigned","Unassigned","bac","bac_ASV_183"
"bac_ASV_184","bac","Bacteria","Proteobacteria","Gammaproteobacteria","Xanthomonadales","Xanthomonadaceae","Lysobacter","Unassigned","bac","bac_ASV_184"
"bac_ASV_185","bac","Bacteria","Proteobacteria","Betaproteobacteria","Burkholderiales","Oxalobacteraceae","Unassigned","Unassigned","bac","bac_ASV_185"
"bac_ASV_186","bac","Bacteria","Actinobacteria","Actinobacteria","Actinomycetales","Kineosporiaceae","Unassigned","Unassigned","bac","bac_ASV_186"
"bac_ASV_187","bac","Bacteria","Proteobacteria","Betaproteobacteria","Burkholderiales","Oxalobacteraceae","Unassigned","Unassigned","bac","bac_ASV_187"
"bac_ASV_188","bac","Bacteria","Proteobacteria","Alphaproteobacteria","Rhizobiales","Bradyrhizobiaceae","Bradyrhizobium","Bradyrhizobium_neotropicale","bac","bac_ASV_188"
"bac_ASV_189","bac","Bacteria","Proteobacteria","Alphaproteobacteria","Caulobacterales","Caulobacteraceae","Phenylobacterium","Unassigned","bac","bac_ASV_189"
"bac_ASV_19","bac","Bacteria","Actinobacteria","Actinobacteria","Actinomycetales","Pseudonocardiaceae","Lentzea","Lentzea_flaviverrucosa","bac","bac_ASV_19"
"bac_ASV_190","bac","Bacteria","Proteobacteria","Alphaproteobacteria","Rhizobiales","Bradyrhizobiaceae","Bosea","Bosea_eneae","bac","bac_ASV_190"
"bac_ASV_192","bac","Bacteria","Proteobacteria","Betaproteobacteria","Burkholderiales","Burkholderiales_incertae_sedis","Aquabacterium","Unassigned","bac","bac_ASV_192"
"bac_ASV_193","bac","Bacteria","Actinobacteria","Actinobacteria","Actinomycetales","Pseudonocardiaceae","Pseudonocardia","Unassigned","bac","bac_ASV_193"
"bac_ASV_195","bac","Bacteria","Proteobacteria","Alphaproteobacteria","Sphingomonadales","Sphingomonadaceae","Sphingomonas","Unassigned","bac","bac_ASV_195"
"bac_ASV_197","bac","Bacteria","Proteobacteria","Alphaproteobacteria","Rhizobiales","Unassigned","Unassigned","Unassigned","bac","bac_ASV_197"
"bac_ASV_198","bac","Bacteria","Actinobacteria","Actinobacteria","Actinomycetales","Promicromonosporaceae","Promicromonospora","Promicromonospora_xylanilytica","bac","bac_ASV_198"
"bac_ASV_2","bac","Bacteria","Proteobacteria","Betaproteobacteria","Burkholderiales","Comamonadaceae","Pelomonas","Pelomonas_puraquae","bac","bac_ASV_2"
"bac_ASV_20","bac","Bacteria","Actinobacteria","Actinobacteria","Actinomycetales","Pseudonocardiaceae","Amycolatopsis","Unassigned","bac","bac_ASV_20"
"bac_ASV_200","bac","Bacteria","Chloroflexi","Unassigned","Unassigned","Unassigned","Unassigned","Unassigned","bac","bac_ASV_200"
"bac_ASV_202","bac","Bacteria","Proteobacteria","Gammaproteobacteria","Pseudomonadales","Pseudomonadaceae","Pseudomonas","Unassigned","bac","bac_ASV_202"
"bac_ASV_204","bac","Bacteria","Bacteroidetes","Flavobacteriia","Flavobacteriales","Cryomorphaceae","Unassigned","Unassigned","bac","bac_ASV_204"
"bac_ASV_207","bac","Bacteria","Proteobacteria","Alphaproteobacteria","Rhizobiales","Hyphomicrobiaceae","Hyphomicrobium","Hyphomicrobium_vulgare","bac","bac_ASV_207"
"bac_ASV_209","bac","Bacteria","Actinobacteria","Actinobacteria","Actinomycetales","Nocardiaceae","Nocardia","Unassigned","bac","bac_ASV_209"
"bac_ASV_21","bac","Bacteria","Actinobacteria","Actinobacteria","Actinomycetales","Nocardioidaceae","Kribbella","Kribbella_catacumbae","bac","bac_ASV_21"
"bac_ASV_217","bac","Bacteria","Proteobacteria","Gammaproteobacteria","Pseudomonadales","Pseudomonadaceae","Cellvibrio","Unassigned","bac","bac_ASV_217"
"bac_ASV_22","bac","Bacteria","Proteobacteria","Alphaproteobacteria","Rhizobiales","Unassigned","Unassigned","Unassigned","bac","bac_ASV_22"
"bac_ASV_224","bac","Bacteria","Actinobacteria","Actinobacteria","Actinomycetales","Pseudonocardiaceae","Saccharothrix","Saccharothrix_longispora","bac","bac_ASV_224"
"bac_ASV_23","bac","Bacteria","Actinobacteria","Actinobacteria","Actinomycetales","Pseudonocardiaceae","Amycolatopsis","Amycolatopsis_keratiniphila_subsp._keratiniphila","bac","bac_ASV_23"
"bac_ASV_237","bac","Bacteria","Proteobacteria","Betaproteobacteria","Burkholderiales","Unassigned","Unassigned","Unassigned","bac","bac_ASV_237"
"bac_ASV_24","bac","Bacteria","Proteobacteria","Alphaproteobacteria","Sphingomonadales","Sphingomonadaceae","Sphingomonas","Unassigned","bac","bac_ASV_24"
"bac_ASV_246","bac","Bacteria","Firmicutes","Bacilli","Bacillales","Bacillaceae_1","Bacillus","Bacillus_thuringiensis","bac","bac_ASV_246"
"bac_ASV_25","bac","Bacteria","Actinobacteria","Actinobacteria","Actinomycetales","Pseudonocardiaceae","Actinophytocola","Actinophytocola_burenkhanensis","bac","bac_ASV_25"
"bac_ASV_26","bac","Bacteria","Actinobacteria","Actinobacteria","Actinomycetales","Pseudonocardiaceae","Actinophytocola","Actinophytocola_burenkhanensis","bac","bac_ASV_26"
"bac_ASV_27","bac","Bacteria","Proteobacteria","Alphaproteobacteria","Rhizobiales","Bradyrhizobiaceae","Bradyrhizobium","Bradyrhizobium_neotropicale","bac","bac_ASV_27"
"bac_ASV_28","bac","Bacteria","Actinobacteria","Actinobacteria","Actinomycetales","Thermomonosporaceae","Actinocorallia","Unassigned","bac","bac_ASV_28"
"bac_ASV_29","bac","Bacteria","Proteobacteria","Alphaproteobacteria","Rhizobiales","Rhizobiaceae","Unassigned","Unassigned","bac","bac_ASV_29"
"bac_ASV_3","bac","Bacteria","Proteobacteria","Gammaproteobacteria","Pseudomonadales","Pseudomonadaceae","Rhizobacter","Rhizobacter_bergeniae","bac","bac_ASV_3"
"bac_ASV_30","bac","Bacteria","Proteobacteria","Betaproteobacteria","Burkholderiales","Burkholderiales_incertae_sedis","Unassigned","Unassigned","bac","bac_ASV_30"
"bac_ASV_31","bac","Bacteria","Actinobacteria","Actinobacteria","Actinomycetales","Micromonosporaceae","Actinoplanes","Unassigned","bac","bac_ASV_31"
"bac_ASV_32","bac","Bacteria","Proteobacteria","Betaproteobacteria","Burkholderiales","Comamonadaceae","Kinneretia","Kinneretia_asaccharophila","bac","bac_ASV_32"
"bac_ASV_33","bac","Bacteria","Proteobacteria","Gammaproteobacteria","Xanthomonadales","Sinobacteraceae","Steroidobacter","Unassigned","bac","bac_ASV_33"
"bac_ASV_34","bac","Bacteria","Actinobacteria","Actinobacteria","Actinomycetales","Kineosporiaceae","Kineosporia","Kineosporia_rhamnosa","bac","bac_ASV_34"
"bac_ASV_35","bac","Bacteria","Proteobacteria","Betaproteobacteria","Burkholderiales","Unassigned","Unassigned","Unassigned","bac","bac_ASV_35"
"bac_ASV_36","bac","Bacteria","Proteobacteria","Betaproteobacteria","Burkholderiales","Oxalobacteraceae","Pseudoduganella","Pseudoduganella_violaceinigra","bac","bac_ASV_36"
"bac_ASV_37","bac","Bacteria","Proteobacteria","Gammaproteobacteria","Xanthomonadales","Sinobacteraceae","Steroidobacter","Unassigned","bac","bac_ASV_37"
"bac_ASV_38","bac","Bacteria","Proteobacteria","Betaproteobacteria","Burkholderiales","Oxalobacteraceae","Pseudoduganella","Pseudoduganella_violaceinigra","bac","bac_ASV_38"
"bac_ASV_39","bac","Bacteria","Proteobacteria","Betaproteobacteria","Burkholderiales","Unassigned","Unassigned","Unassigned","bac","bac_ASV_39"
"bac_ASV_4","bac","Bacteria","Proteobacteria","Gammaproteobacteria","Pseudomonadales","Pseudomonadaceae","Rhizobacter","Unassigned","bac","bac_ASV_4"
"bac_ASV_40","bac","Bacteria","Chloroflexi","Chloroflexia","Herpetosiphonales","Herpetosiphonaceae","Herpetosiphon","Unassigned","bac","bac_ASV_40"
"bac_ASV_41","bac","Bacteria","Proteobacteria","Betaproteobacteria","Burkholderiales","Oxalobacteraceae","Unassigned","Unassigned","bac","bac_ASV_41"
"bac_ASV_42","bac","Bacteria","Actinobacteria","Actinobacteria","Actinomycetales","Pseudonocardiaceae","Lentzea","Unassigned","bac","bac_ASV_42"
"bac_ASV_43","bac","Bacteria","Firmicutes","Bacilli","Bacillales","Bacillaceae_1","Bacillus","Unassigned","bac","bac_ASV_43"
"bac_ASV_44","bac","Bacteria","Proteobacteria","Betaproteobacteria","Burkholderiales","Comamonadaceae","Kinneretia","Kinneretia_asaccharophila","bac","bac_ASV_44"
"bac_ASV_45","bac","Bacteria","Actinobacteria","Actinobacteria","Actinomycetales","Pseudonocardiaceae","Lentzea","Lentzea_kentuckyensis","bac","bac_ASV_45"
"bac_ASV_46","bac","Bacteria","Proteobacteria","Gammaproteobacteria","Xanthomonadales","Sinobacteraceae","Unassigned","Unassigned","bac","bac_ASV_46"
"bac_ASV_47","bac","Bacteria","Proteobacteria","Betaproteobacteria","Burkholderiales","Comamonadaceae","Unassigned","Unassigned","bac","bac_ASV_47"
"bac_ASV_48","bac","Bacteria","Proteobacteria","Alphaproteobacteria","Rhizobiales","Rhizobiaceae","Ensifer","Unassigned","bac","bac_ASV_48"
"bac_ASV_49","bac","Bacteria","Actinobacteria","Actinobacteria","Actinomycetales","Pseudonocardiaceae","Lentzea","Lentzea_albida","bac","bac_ASV_49"
"bac_ASV_50","bac","Bacteria","Proteobacteria","Betaproteobacteria","Burkholderiales","Oxalobacteraceae","Pseudoduganella","Pseudoduganella_violaceinigra","bac","bac_ASV_50"
"bac_ASV_51","bac","Bacteria","Bacteroidetes","Flavobacteriia","Flavobacteriales","Flavobacteriaceae","Flavobacterium","Unassigned","bac","bac_ASV_51"
"bac_ASV_52","bac","Bacteria","Actinobacteria","Actinobacteria","Actinomycetales","Micromonosporaceae","Unassigned","Unassigned","bac","bac_ASV_52"
"bac_ASV_53","bac","Bacteria","Actinobacteria","Actinobacteria","Actinomycetales","Microbacteriaceae","Agromyces","Unassigned","bac","bac_ASV_53"
"bac_ASV_54","bac","Bacteria","Proteobacteria","Unassigned","Unassigned","Unassigned","Unassigned","Unassigned","bac","bac_ASV_54"
"bac_ASV_55","bac","Bacteria","Proteobacteria","Betaproteobacteria","Burkholderiales","Burkholderiales_incertae_sedis","Piscinibacter","Piscinibacter_aquaticus","bac","bac_ASV_55"
"bac_ASV_56","bac","Bacteria","Proteobacteria","Alphaproteobacteria","Rhizobiales","Hyphomicrobiaceae","Devosia","Unassigned","bac","bac_ASV_56"
"bac_ASV_57","bac","Bacteria","Proteobacteria","Betaproteobacteria","Burkholderiales","Oxalobacteraceae","Unassigned","Unassigned","bac","bac_ASV_57"
"bac_ASV_59","bac","Bacteria","Actinobacteria","Actinobacteria","Actinomycetales","Nocardioidaceae","Nocardioides","Unassigned","bac","bac_ASV_59"
"bac_ASV_6","bac","Bacteria","Proteobacteria","Betaproteobacteria","Burkholderiales","Unassigned","Unassigned","Unassigned","bac","bac_ASV_6"
"bac_ASV_60","bac","Bacteria","Proteobacteria","Betaproteobacteria","Burkholderiales","Unassigned","Unassigned","Unassigned","bac","bac_ASV_60"
"bac_ASV_61","bac","Bacteria","Proteobacteria","Betaproteobacteria","Burkholderiales","Oxalobacteraceae","Noviherbaspirillum","Noviherbaspirillum_suwonense","bac","bac_ASV_61"
"bac_ASV_62","bac","Bacteria","Proteobacteria","Alphaproteobacteria","Rhizobiales","Rhizobiaceae","Ensifer","Ensifer_americanus","bac","bac_ASV_62"
"bac_ASV_63","bac","Bacteria","Proteobacteria","Alphaproteobacteria","Caulobacterales","Caulobacteraceae","Phenylobacterium","Phenylobacterium_composti","bac","bac_ASV_63"
"bac_ASV_64","bac","Bacteria","Proteobacteria","Deltaproteobacteria","Unassigned","Unassigned","Unassigned","Unassigned","bac","bac_ASV_64"
"bac_ASV_65","bac","Bacteria","Proteobacteria","Alphaproteobacteria","Rhizobiales","Bradyrhizobiaceae","Unassigned","Unassigned","bac","bac_ASV_65"
"bac_ASV_66","bac","Bacteria","Proteobacteria","Alphaproteobacteria","Rhodospirillales","Rhodospirillaceae","Dongia","Dongia_mobilis","bac","bac_ASV_66"
"bac_ASV_67","bac","Bacteria","Proteobacteria","Gammaproteobacteria","Pseudomonadales","Pseudomonadaceae","Pseudomonas","Pseudomonas_chlororaphis_subsp._piscium","bac","bac_ASV_67"
"bac_ASV_68","bac","Bacteria","Proteobacteria","Alphaproteobacteria","Rhizobiales","Unassigned","Unassigned","Unassigned","bac","bac_ASV_68"
"bac_ASV_69","bac","Bacteria","Actinobacteria","Actinobacteria","Actinomycetales","Pseudonocardiaceae","Kibdelosporangium","Kibdelosporangium_phytohabitans","bac","bac_ASV_69"
"bac_ASV_7","bac","Bacteria","Bacteroidetes","Flavobacteriia","Flavobacteriales","Flavobacteriaceae","Flavobacterium","Unassigned","bac","bac_ASV_7"
"bac_ASV_70","bac","Bacteria","Proteobacteria","Gammaproteobacteria","Xanthomonadales","Xanthomonadaceae","Pseudoxanthomonas","Pseudoxanthomonas_gei","bac","bac_ASV_70"
"bac_ASV_71","bac","Bacteria","Proteobacteria","Alphaproteobacteria","Sphingomonadales","Sphingomonadaceae","Sphingopyxis","Sphingopyxis_soli","bac","bac_ASV_71"
"bac_ASV_72","bac","Bacteria","Proteobacteria","Betaproteobacteria","Burkholderiales","Comamonadaceae","Variovorax","Unassigned","bac","bac_ASV_72"
"bac_ASV_73","bac","Bacteria","Proteobacteria","Betaproteobacteria","Burkholderiales","Oxalobacteraceae","Unassigned","Unassigned","bac","bac_ASV_73"
"bac_ASV_74","bac","Bacteria","Proteobacteria","Alphaproteobacteria","Rhizobiales","Bradyrhizobiaceae","Bradyrhizobium","Bradyrhizobium_neotropicale","bac","bac_ASV_74"
"bac_ASV_742","bac","Bacteria","Actinobacteria","Actinobacteria","Actinomycetales","Nocardioidaceae","Nocardioides","Unassigned","bac","bac_ASV_742"
"bac_ASV_75","bac","Bacteria","Proteobacteria","Betaproteobacteria","Burkholderiales","Comamonadaceae","Variovorax","Unassigned","bac","bac_ASV_75"
"bac_ASV_76","bac","Bacteria","Proteobacteria","Gammaproteobacteria","Xanthomonadales","Xanthomonadaceae","Lysobacter","Unassigned","bac","bac_ASV_76"
"bac_ASV_77","bac","Bacteria","Proteobacteria","Gammaproteobacteria","Xanthomonadales","Sinobacteraceae","Steroidobacter","Steroidobacter_denitrificans","bac","bac_ASV_77"
"bac_ASV_78","bac","Bacteria","Chloroflexi","Chloroflexia","Herpetosiphonales","Herpetosiphonaceae","Herpetosiphon","Unassigned","bac","bac_ASV_78"
"bac_ASV_79","bac","Bacteria","Proteobacteria","Betaproteobacteria","Burkholderiales","Unassigned","Unassigned","Unassigned","bac","bac_ASV_79"
"bac_ASV_8","bac","Bacteria","Actinobacteria","Actinobacteria","Actinomycetales","Streptomycetaceae","Streptomyces","Unassigned","bac","bac_ASV_8"
"bac_ASV_80","bac","Bacteria","Proteobacteria","Gammaproteobacteria","Xanthomonadales","Xanthomonadaceae","Pseudoxanthomonas","Pseudoxanthomonas_wuyuanensis","bac","bac_ASV_80"
"bac_ASV_81","bac","Bacteria","Proteobacteria","Deltaproteobacteria","Unassigned","Unassigned","Unassigned","Unassigned","bac","bac_ASV_81"
"bac_ASV_83","bac","Bacteria","Proteobacteria","Betaproteobacteria","Burkholderiales","Oxalobacteraceae","Unassigned","Unassigned","bac","bac_ASV_83"
"bac_ASV_84","bac","Bacteria","Proteobacteria","Deltaproteobacteria","Unassigned","Unassigned","Unassigned","Unassigned","bac","bac_ASV_84"
"bac_ASV_85","bac","Bacteria","Proteobacteria","Betaproteobacteria","Burkholderiales","Oxalobacteraceae","Unassigned","Unassigned","bac","bac_ASV_85"
"bac_ASV_86","bac","Bacteria","Actinobacteria","Actinobacteria","Actinomycetales","Micromonosporaceae","Couchioplanes","Unassigned","bac","bac_ASV_86"
"bac_ASV_87","bac","Bacteria","Actinobacteria","Actinobacteria","Actinomycetales","Nocardioidaceae","Nocardioides","Unassigned","bac","bac_ASV_87"
"bac_ASV_88","bac","Bacteria","Unassigned","Unassigned","Unassigned","Unassigned","Unassigned","Unassigned","bac","bac_ASV_88"
"bac_ASV_89","bac","Bacteria","Proteobacteria","Gammaproteobacteria","Xanthomonadales","Sinobacteraceae","Steroidobacter","Steroidobacter_agariperforans","bac","bac_ASV_89"
"bac_ASV_9","bac","Bacteria","Actinobacteria","Actinobacteria","Actinomycetales","Micromonosporaceae","Actinoplanes","Unassigned","bac","bac_ASV_9"
"bac_ASV_90","bac","Bacteria","Proteobacteria","Gammaproteobacteria","Pseudomonadales","Pseudomonadaceae","Pseudomonas","Unassigned","bac","bac_ASV_90"
"bac_ASV_91","bac","Bacteria","Proteobacteria","Unassigned","Unassigned","Unassigned","Unassigned","Unassigned","bac","bac_ASV_91"
"bac_ASV_92","bac","Bacteria","Actinobacteria","Actinobacteria","Actinomycetales","Pseudonocardiaceae","Actinophytocola","Unassigned","bac","bac_ASV_92"
"bac_ASV_93","bac","Bacteria","Proteobacteria","Gammaproteobacteria","Xanthomonadales","Xanthomonadaceae","Lysobacter","Lysobacter_brunescens","bac","bac_ASV_93"
"bac_ASV_94","bac","Bacteria","Proteobacteria","Betaproteobacteria","Burkholderiales","Burkholderiales_incertae_sedis","Aquabacterium","Unassigned","bac","bac_ASV_94"
"bac_ASV_95","bac","Bacteria","Actinobacteria","Actinobacteria","Actinomycetales","Unassigned","Unassigned","Unassigned","bac","bac_ASV_95"
"bac_ASV_96","bac","Bacteria","Proteobacteria","Alphaproteobacteria","Rhizobiales","Hyphomicrobiaceae","Devosia","Devosia_insulae","bac","bac_ASV_96"
"bac_ASV_97","bac","Bacteria","Proteobacteria","Betaproteobacteria","Burkholderiales","Comamonadaceae","Pelomonas","Pelomonas_puraquae","bac","bac_ASV_97"
"bac_ASV_98","bac","Bacteria","Proteobacteria","Betaproteobacteria","Burkholderiales","Oxalobacteraceae","Unassigned","Unassigned","bac","bac_ASV_98"
"bac_ASV_99","bac","Bacteria","Proteobacteria","Betaproteobacteria","Burkholderiales","Oxalobacteraceae","Pseudoduganella","Pseudoduganella_violaceinigra","bac","bac_ASV_99"
"env1",NA,NA,NA,NA,NA,NA,NA,NA,"env","env1"
"env10",NA,NA,NA,NA,NA,NA,NA,NA,"env","env10"
"env2",NA,NA,NA,NA,NA,NA,NA,NA,"env","env2"
"env3",NA,NA,NA,NA,NA,NA,NA,NA,"env","env3"
"env4",NA,NA,NA,NA,NA,NA,NA,NA,"env","env4"
"env5",NA,NA,NA,NA,NA,NA,NA,NA,"env","env5"
"env6",NA,NA,NA,NA,NA,NA,NA,NA,"env","env6"
"env7",NA,NA,NA,NA,NA,NA,NA,NA,"env","env7"
"env8",NA,NA,NA,NA,NA,NA,NA,NA,"env","env8"
"env9",NA,NA,NA,NA,NA,NA,NA,NA,"env","env9"
